,class,name,strlen
0,0.0,1_2229076_G_GTACTGGAAGGCGAGACCA,tensor(736)
1,0.0,1_8358216_TGGTGGA_T,tensor(1012)
2,0.0,1_8358216_T_TGGTGGA,tensor(1016)
3,0.0,1_224398569_C_CATA,tensor(664)
4,0.0,2_25240366_CAGA_C,tensor(913)
5,0.0,2_188988083_CCCCCCAGGCCCTCCCGGT_C,tensor(1024)
6,0.0,2_215408298_CTGT_C,tensor(1024)
7,0.0,3_4815176_CAGA_C,tensor(1024)
8,0.0,4_121855507_GTGC_G,tensor(673)
9,0.0,4_157336479_AAGAAGCCTC_A,tensor(835)
10,0.0,5_140114669_A_AGCGCGGCCGCTTCCT,tensor(329)
11,0.0,5_140114870_GCTT_G,tensor(323)
12,0.0,5_140114950_ATCACCG_A,tensor(322)
13,0.0,6_33443378_AGGCGGCCATGGAGGGGGC_A,tensor(1024)
14,0.0,6_79042891_TGAC_T,tensor(1024)
15,0.0,7_27199949_T_TGCTGCAGCCGCC,tensor(394)
16,0.0,7_70766234_AGCACCAGCACACCCACCAGCACAC_A,tensor(1024)
17,0.0,7_80203752_TCAA_T,tensor(355)
18,0.0,7_98930731_T_TATA,tensor(1024)
19,0.0,7_100647491_CCTT_C,tensor(427)
20,0.0,7_155803473_G_GAGCAGGTGCGCGGCGGTGAGC,tensor(471)
21,0.0,8_60836974_ATCT_A,tensor(1024)
22,0.0,8_60855999_GACA_G,tensor(1024)
23,0.0,8_116847593_CAAG_C,tensor(632)
24,0.0,9_35689795_ATCT_A,tensor(285)
25,0.0,9_131521445_CGAA_C,tensor(726)
26,0.0,9_137162013_AAAC_A,tensor(907)
27,0.0,10_87864496_TAGCAGA_T,tensor(576)
28,0.0,10_95633029_ATTATCT_A,tensor(795)
29,0.0,10_129873538_ATGT_A,tensor(597)
30,0.0,11_64607372_AGAG_A,tensor(1024)
31,0.0,11_118488707_TGTC_T,tensor(1024)
32,0.0,11_119278179_TATA_T,tensor(907)
33,0.0,12_6591972_C_CCACATTCAG,tensor(1024)
34,0.0,12_13567122_A_ATGAGGCTGAGAGCCATGGCCGCCCCCAACATGT,tensor(1024)
35,0.0,12_49186360_TGTA_T,tensor(452)
36,0.0,13_110449700_TCCCAGGGGC_T,tensor(1024)
37,0.0,14_60648811_TCTC_T,tensor(285)
38,0.0,14_102002829_TCCAAGTCTC_T,tensor(1024)
39,0.0,15_25340174_CAAG_C,tensor(853)
40,0.0,15_25356842_AAAG_A,tensor(853)
41,0.0,16_3729690_C_CGGCACT,tensor(1024)
42,0.0,16_56192343_ACTC_A,tensor(355)
43,0.0,16_89275139_TGCTGCCTGAACA_T,tensor(1024)
44,0.0,17_7851969_ACTT_A,tensor(1024)
45,0.0,17_7885025_CCCGCCG_C,tensor(1024)
46,0.0,17_44864984_TCAG_T,tensor(938)
47,0.0,19_36067338_T_TTGTAGAGTCATTGCCCTC,tensor(1024)
48,0.0,19_47484094_AGAAGCGCGT_A,tensor(435)
49,0.0,19_50408817_TCTC_T,tensor(1024)
50,0.0,20_10299376_T_TACACAGAATCGCCAGATCGAC,tensor(215)
51,0.0,20_23365554_GACGTGAAGCGGC_G,tensor(709)
52,0.0,20_50892283_ACTT_A,tensor(1024)
53,0.0,20_63439609_CGAA_C,tensor(845)
54,0.0,22_19761056_C_CCCG,tensor(401)
55,0.0,X_10449538_TATC_T,tensor(668)
56,0.0,X_20195088_GGAT_G,tensor(741)
57,0.0,X_41216542_GGAAACA_G,tensor(1024)
58,0.0,X_41343818_TGAA_T,tensor(662)
59,0.0,X_41346916_ATCT_A,tensor(662)
60,0.0,X_49076678_TTGG_T,tensor(361)
61,0.0,X_53412220_A_AAGCGGCCTC,tensor(1024)
62,0.0,X_71294467_GGGA_G,tensor(383)
63,0.0,X_72568877_T_TAACTATCCTAATAATAACAGAGAGAAC,tensor(157)
64,0.0,X_74521014_GTATGAT_G,tensor(539)
65,0.0,X_111192586_TAAG_T,tensor(560)
66,0.0,X_119582644_TATG_T,tensor(123)
67,0.0,X_134425240_TGAA_T,tensor(366)
68,0.0,X_153693348_TCAA_T,tensor(626)
69,0.0,X_153693978_GTTC_G,tensor(626)
70,0.0,1_26697249_CGGCGGG_C,tensor(1024)
71,0.0,1_26697420_TGCGGCGGCGGCAGCTGCG_T,tensor(1024)
72,0.0,1_154869854_TTGCTGCTGCTGC_T,tensor(729)
73,0.0,1_202777051_AAAT_A,tensor(1024)
74,0.0,2_15942680_CCCGCAGCCCCGG_C,tensor(462)
75,0.0,2_176093082_T_TGCGGCG,tensor(347)
76,0.0,2_188987108_TAGG_T,tensor(1024)
77,0.0,3_119415385_AGACCCCTGGAGGGTTTACTCCCAG_A,tensor(1024)
78,0.0,4_87614383_GCAACAGTAGCAGTGA_G,tensor(1024)
79,0.0,4_87616421_CGACAGCAGTGATAGCAGT_C,tensor(1024)
80,0.0,4_110618571_TGTC_T,tensor(325)
81,0.0,5_13922109_TCTC_T,tensor(1024)
82,0.0,5_14496967_AACGGTTATCGGAAGT_A,tensor(1024)
83,0.0,5_14711239_CTCT_C,tensor(493)
84,0.0,5_37010187_GAGA_G,tensor(1024)
85,0.0,5_56881094_ATTGGTGGTG_A,tensor(1024)
86,0.0,5_61332698_TGGCGGCGGCGGCGCG_T,tensor(1024)
87,0.0,5_61332713_G_GGGC,tensor(1024)
88,0.0,5_61332791_TGCCGCCGCC_T,tensor(1024)
89,0.0,5_93585114_C_CGCGGCG,tensor(427)
90,0.0,5_171392810_TCCA_T,tensor(295)
91,0.0,6_1611316_GCGCCGCCGCCGCCCGCGCCCTCCGCCC_G,tensor(546)
92,0.0,6_1611567_GGGCGGC_G,tensor(553)
93,0.0,6_3156069_G_GATT,tensor(448)
94,0.0,6_33438051_A_AGGGGGTGGGGGGGGGGGG,tensor(1024)
95,0.0,6_156778586_GGGC_G,tensor(1024)
96,0.0,6_156778847_GGGCGGCGGCGGCGGC_G,tensor(1024)
97,0.0,6_156778865_C_CGGCGGCGGAGGAGGAGGA,tensor(1024)
98,0.0,6_156778874_A_AGGAGGAGGAGGCAGC,tensor(1024)
99,0.0,6_156778922_A_AGGAGGAGCAGGAGCG,tensor(1024)
100,0.0,6_156778982_AGGCGGC_A,tensor(1024)
101,0.0,7_27199656_G_GGGCCCGCCT,tensor(393)
102,0.0,7_27199679_C_CGCG,tensor(391)
103,0.0,7_27199685_GGCGGCGGCGGCGGCTGCAGCGGCAGCCGCGGCAGCA_G,tensor(378)
104,0.0,7_27199700_TGCAGCGGCAGCCGCGGCA_T,tensor(384)
105,0.0,7_74063318_CCCG_C,tensor(678)
106,0.0,8_20204502_GAGT_G,tensor(512)
107,0.0,8_60741495_T_TGAAGGCCTC,tensor(953)
108,0.0,8_132480465_CCGCCTCCGCCGCCCCCGT_C,tensor(868)
109,0.0,8_143824335_CCCGCTGCCA_C,tensor(562)
110,0.0,9_2039764_A_ACAG,tensor(1024)
111,0.0,9_2047277_TGCCCGCGCCCGGCGGCCGGCCCTC_T,tensor(1024)
112,0.0,9_130681605_TCGCCGCCGCCGCCGC_T,tensor(364)
113,0.0,9_136508927_GTCCTGACAGGTGCCGCCA_G,tensor(1024)
114,0.0,11_694968_G_GCCGCCACAGCGGCCGCGGCCGCCA,tensor(575)
115,0.0,11_44309713_G_GGCGGCTGGGGCTGCGGCTGCT,tensor(420)
116,0.0,12_49033881_T_TTGCTGCTGC,tensor(1024)
117,0.0,12_56178511_CCCCGTA_C,tensor(1024)
118,0.0,12_121809927_CATT_C,tensor(1024)
119,0.0,13_99985475_T_TGCGGCG,tensor(536)
120,0.0,15_75409905_CTTG_C,tensor(1024)
121,0.0,15_89333596_TTGCTGC_T,tensor(1024)
122,0.0,15_89333596_TTGCTGCTGC_T,tensor(1024)
123,0.0,15_98708024_TGGA_T,tensor(1024)
124,0.0,16_3728301_CGCTGCT_C,tensor(1024)
125,0.0,16_3728402_C_CTGCTGCTGCTGTTGCTGCTGTTGT,tensor(1024)
126,0.0,16_79599192_CCCGCCGCCTCCGCCG_C,tensor(400)
127,0.0,17_7890719_G_GGGA,tensor(1024)
128,0.0,17_10409330_CAGA_C,tensor(1024)
129,0.0,17_63964638_CGAA_C,tensor(1024)
130,0.0,17_67825802_A_ACCG,tensor(1024)
131,0.0,17_67826261_G_GGAAGACGAC,tensor(1024)
132,0.0,17_82032960_TCTG_T,tensor(171)
133,0.0,19_10986535_T_TGGCCCTGGACCCGGCCCGGGTCCC,tensor(1024)
134,0.0,19_13298645_G_GGGGCCC,tensor(1024)
135,0.0,19_18161449_G_GCGCCGC,tensor(732)
136,0.0,19_18161449_GCGC_G,tensor(729)
137,0.0,19_42249198_AAGG_A,tensor(549)
138,0.0,20_51791164_T_TGGG,tensor(1024)
139,0.0,20_62837154_G_GCTGGCCCCC,tensor(689)
140,0.0,21_33552321_A_ACGCTCTATGATGTCAGCCTACGAG,tensor(1024)
141,0.0,X_17727432_ATGT_A,tensor(1024)
142,0.0,X_23392746_ATCT_A,tensor(889)
143,0.0,X_25007238_A_AGGCGGC,tensor(566)
144,0.0,X_77652333_CTCT_C,tensor(1024)
145,0.0,X_111744725_TACCACCACCACC_T,tensor(1024)
146,0.0,X_137566841_CGCCGCCGCCGCT_C,tensor(455)
147,0.0,X_148966889_ACTG_A,tensor(1024)
